{"cameraMode":{"drawMode":0,"name":"Shaded","section":"Shading Mode"},"sceneLighting":true,"audioPlay":false,"sceneViewState":{"m_AlwaysRefresh":false,"showFog":true,"showSkybox":true,"showFlares":true,"showImageEffects":true,"showParticleSystems":true,"showVisualEffectGraphs":true,"m_FxEnabled":true},"in2DMode":false,"pivot":{"x":-2.602450132369995,"y":25.889976501464845,"z":-10.923072814941407},"rotation":{"x":-0.2605355978012085,"y":0.14608913660049439,"z":-0.039660386741161349,"w":-0.9535514712333679},"size":1.674185872077942,"orthographic":false}